{"xinxing84_F49G033066_53.jpg147086": {"filename": "xinxing84_F49G033066_53.jpg", "size": 147086, "regions": [{"shape_attributes": {"name": "polygon", "all_points_x": [333, 377, 378, 335], "all_points_y": [332, 330, 361, 363]}, "region_attributes": {"class": 1}}, {"shape_attributes": {"name": "polygon", "all_points_x": [148, 188, 191, 151], "all_points_y": [378, 373, 398, 403]}, "region_attributes": {"class": 1}}, {"shape_attributes": {"name": "polygon", "all_points_x": [84, 124, 127, 88], "all_points_y": [460, 454, 493, 498]}, "region_attributes": {"class": 1}}, {"shape_attributes": {"name": "polygon", "all_points_x": [2, 25, 27, 5], "all_points_y": [529, 527, 549, 551]}, "region_attributes": {"class": 1}}, {"shape_attributes": {"name": "polygon", "all_points_x": [104, 99, 148, 153], "all_points_y": [598, 567, 559, 590]}, "region_attributes": {"class": 1}}, {"shape_attributes": {"name": "polygon", "all_points_x": [28, 67, 74, 35], "all_points_y": [500, 496, 543, 546]}, "region_attributes": {"class": 1}}, {"shape_attributes": {"name": "polygon", "all_points_x": [158, 203, 206, 162], "all_points_y": [466, 461, 491, 496]}, "region_attributes": {"class": 1}}, {"shape_attributes": {"name": "polygon", "all_points_x": [234, 222, 256, 269], "all_points_y": [755, 731, 713, 737]}, "region_attributes": {"class": 1}}, {"shape_attributes": {"name": "polygon", "all_points_x": [269, 256, 285, 298], "all_points_y": [698, 673, 658, 683]}, "region_attributes": {"class": 1}}, {"shape_attributes": {"name": "polygon", "all_points_x": [266, 304, 314, 276], "all_points_y": [703, 687, 711, 727]}, "region_attributes": {"class": 1}}, {"shape_attributes": {"name": "polygon", "all_points_x": [284, 315, 327, 296], "all_points_y": [729, 715, 741, 755]}, "region_attributes": {"class": 1}}, {"shape_attributes": {"name": "polygon", "all_points_x": [332, 317, 359, 374], "all_points_y": [720, 691, 669, 698]}, "region_attributes": {"class": 1}}, {"shape_attributes": {"name": "polygon", "all_points_x": [340, 369, 390, 360], "all_points_y": [726, 709, 756, 773]}, "region_attributes": {"class": 1}}, {"shape_attributes": {"name": "polygon", "all_points_x": [402, 390, 421, 433], "all_points_y": [671, 650, 632, 653]}, "region_attributes": {"class": 1}}, {"shape_attributes": {"name": "polygon", "all_points_x": [404, 434, 446, 416], "all_points_y": [676, 658, 677, 695]}, "region_attributes": {"class": 1}}, {"shape_attributes": {"name": "polygon", "all_points_x": [516, 557, 554, 513], "all_points_y": [577, 583, 612, 607]}, "region_attributes": {"class": 1}}, {"shape_attributes": {"name": "polygon", "all_points_x": [447, 477, 474, 445], "all_points_y": [593, 596, 623, 621]}, "region_attributes": {"class": 1}}, {"shape_attributes": {"name": "polygon", "all_points_x": [457, 478, 488, 468], "all_points_y": [644, 633, 652, 663]}, "region_attributes": {"class": 1}}, {"shape_attributes": {"name": "polygon", "all_points_x": [470, 503, 518, 484], "all_points_y": [672, 653, 678, 698]}, "region_attributes": {"class": 1}}, {"shape_attributes": {"name": "polygon", "all_points_x": [456, 488, 499, 467], "all_points_y": [768, 751, 770, 788]}, "region_attributes": {"class": 1}}, {"shape_attributes": {"name": "polygon", "all_points_x": [517, 550, 567, 533], "all_points_y": [760, 741, 765, 784]}, "region_attributes": {"class": 1}}, {"shape_attributes": {"name": "polygon", "all_points_x": [548, 580, 592, 559], "all_points_y": [814, 796, 818, 836]}, "region_attributes": {"class": 1}}, {"shape_attributes": {"name": "polygon", "all_points_x": [539, 571, 583, 551], "all_points_y": [690, 670, 689, 710]}, "region_attributes": {"class": 1}}, {"shape_attributes": {"name": "polygon", "all_points_x": [668, 681, 650, 637], "all_points_y": [829, 853, 870, 846]}, "region_attributes": {"class": 1}}, {"shape_attributes": {"name": "polygon", "all_points_x": [618, 602, 639, 655], "all_points_y": [938, 907, 887, 918]}, "region_attributes": {"class": 1}}, {"shape_attributes": {"name": "polygon", "all_points_x": [492, 507, 521, 506], "all_points_y": [949, 938, 959, 969]}, "region_attributes": {"class": 1}}, {"shape_attributes": {"name": "polygon", "all_points_x": [650, 663, 632, 619], "all_points_y": [798, 822, 839, 814]}, "region_attributes": {"class": 1}}, {"shape_attributes": {"name": "polygon", "all_points_x": [633, 647, 615, 602], "all_points_y": [772, 796, 813, 789]}, "region_attributes": {"class": 1}}, {"shape_attributes": {"name": "polygon", "all_points_x": [616, 629, 598, 585], "all_points_y": [741, 765, 782, 757]}, "region_attributes": {"class": 1}}, {"shape_attributes": {"name": "polygon", "all_points_x": [686, 699, 668, 655], "all_points_y": [749, 774, 790, 766]}, "region_attributes": {"class": 1}}, {"shape_attributes": {"name": "polygon", "all_points_x": [587, 626, 621, 583], "all_points_y": [591, 597, 624, 618]}, "region_attributes": {"class": 1}}, {"shape_attributes": {"name": "polygon", "all_points_x": [582, 621, 618, 579], "all_points_y": [631, 636, 659, 654]}, "region_attributes": {"class": 1}}, {"shape_attributes": {"name": "polygon", "all_points_x": [640, 679, 676, 637], "all_points_y": [597, 604, 628, 622]}, "region_attributes": {"class": 1}}, {"shape_attributes": {"name": "polygon", "all_points_x": [695, 736, 728, 687], "all_points_y": [605, 611, 663, 656]}, "region_attributes": {"class": 1}}, {"shape_attributes": {"name": "polygon", "all_points_x": [654, 692, 688, 650], "all_points_y": [538, 545, 571, 564]}, "region_attributes": {"class": 1}}, {"shape_attributes": {"name": "polygon", "all_points_x": [368, 406, 404, 365], "all_points_y": [490, 494, 519, 515]}, "region_attributes": {"class": 1}}, {"shape_attributes": {"name": "polygon", "all_points_x": [372, 376, 414, 411], "all_points_y": [480, 452, 457, 485]}, "region_attributes": {"class": 1}}, {"shape_attributes": {"name": "polygon", "all_points_x": [430, 434, 475, 471], "all_points_y": [484, 456, 461, 489]}, "region_attributes": {"class": 1}}, {"shape_attributes": {"name": "polygon", "all_points_x": [426, 430, 468, 464], "all_points_y": [515, 489, 494, 521]}, "region_attributes": {"class": 1}}, {"shape_attributes": {"name": "polygon", "all_points_x": [424, 466, 462, 420], "all_points_y": [520, 527, 551, 544]}, "region_attributes": {"class": 1}}, {"shape_attributes": {"name": "polygon", "all_points_x": [486, 528, 525, 483], "all_points_y": [466, 472, 497, 490]}, "region_attributes": {"class": 1}}, {"shape_attributes": {"name": "polygon", "all_points_x": [477, 480, 524, 522], "all_points_y": [523, 497, 501, 527]}, "region_attributes": {"class": 1}}, {"shape_attributes": {"name": "polygon", "all_points_x": [754, 800, 792, 746], "all_points_y": [234, 239, 292, 286]}, "region_attributes": {"class": 1}}, {"shape_attributes": {"name": "polygon", "all_points_x": [290, 329, 314, 275], "all_points_y": [215, 229, 268, 253]}, "region_attributes": {"class": 1}}, {"shape_attributes": {"name": "polygon", "all_points_x": [312, 346, 332, 299], "all_points_y": [176, 191, 223, 208]}, "region_attributes": {"class": 1}}, {"shape_attributes": {"name": "polygon", "all_points_x": [327, 372, 357, 312], "all_points_y": [129, 147, 183, 165]}, "region_attributes": {"class": 1}}, {"shape_attributes": {"name": "polygon", "all_points_x": [276, 316, 301, 262], "all_points_y": [93, 110, 145, 128]}, "region_attributes": {"class": 1}}, {"shape_attributes": {"name": "polygon", "all_points_x": [328, 338, 380, 370], "all_points_y": [117, 94, 112, 135]}, "region_attributes": {"class": 1}}, {"shape_attributes": {"name": "polygon", "all_points_x": [391, 419, 450, 422], "all_points_y": [186, 152, 177, 211]}, "region_attributes": {"class": 1}}, {"shape_attributes": {"name": "polygon", "all_points_x": [425, 434, 464, 455], "all_points_y": [149, 126, 137, 160]}, "region_attributes": {"class": 1}}, {"shape_attributes": {"name": "polygon", "all_points_x": [466, 472, 501, 494], "all_points_y": [162, 142, 151, 172]}, "region_attributes": {"class": 1}}, {"shape_attributes": {"name": "polygon", "all_points_x": [418, 385, 356, 390], "all_points_y": [224, 263, 239, 200]}, "region_attributes": {"class": 1}}, {"shape_attributes": {"name": "polygon", "all_points_x": [547, 550, 596, 592], "all_points_y": [237, 218, 227, 246]}, "region_attributes": {"class": 1}}, {"shape_attributes": {"name": "polygon", "all_points_x": [672, 703, 713, 683], "all_points_y": [136, 128, 174, 181]}, "region_attributes": {"class": 1}}, {"shape_attributes": {"name": "polygon", "all_points_x": [811, 808, 837, 841], "all_points_y": [163, 129, 126, 160]}, "region_attributes": {"class": 1}}, {"shape_attributes": {"name": "polygon", "all_points_x": [598, 645, 638, 591], "all_points_y": [540, 548, 592, 584]}, "region_attributes": {"class": 1}}, {"shape_attributes": {"name": "polygon", "all_points_x": [612, 655, 650, 608], "all_points_y": [498, 503, 532, 527]}, "region_attributes": {"class": 1}}, {"shape_attributes": {"name": "polygon", "all_points_x": [615, 620, 662, 657], "all_points_y": [489, 462, 467, 494]}, "region_attributes": {"class": 1}}, {"shape_attributes": {"name": "polygon", "all_points_x": [544, 588, 588, 545], "all_points_y": [389, 388, 428, 429]}, "region_attributes": {"class": 1}}, {"shape_attributes": {"name": "polygon", "all_points_x": [495, 521, 519, 493], "all_points_y": [422, 423, 455, 454]}, "region_attributes": {"class": 1}}, {"shape_attributes": {"name": "polygon", "all_points_x": [542, 542, 583, 583], "all_points_y": [349, 322, 322, 349]}, "region_attributes": {"class": 1}}, {"shape_attributes": {"name": "polygon", "all_points_x": [544, 574, 574, 544], "all_points_y": [356, 355, 382, 383]}, "region_attributes": {"class": 1}}, {"shape_attributes": {"name": "polygon", "all_points_x": [47, 43, 86, 90], "all_points_y": [630, 605, 598, 624]}, "region_attributes": {"class": 1}}, {"shape_attributes": {"name": "polygon", "all_points_x": [41, 81, 84, 45], "all_points_y": [572, 567, 596, 601]}, "region_attributes": {"class": 1}}, {"shape_attributes": {"name": "polygon", "all_points_x": [456, 473, 446, 429], "all_points_y": [186, 200, 234, 221]}, "region_attributes": {"class": 1}}, {"shape_attributes": {"name": "polygon", "all_points_x": [413, 444, 461, 430], "all_points_y": [778, 761, 792, 809]}, "region_attributes": {"class": 1}}, {"shape_attributes": {"name": "polygon", "all_points_x": [80, 111, 130, 98], "all_points_y": [292, 284, 364, 371]}, "region_attributes": {"class": 2}}, {"shape_attributes": {"name": "polygon", "all_points_x": [3, 40, 42, 5], "all_points_y": [352, 350, 389, 392]}, "region_attributes": {"class": 2}}, {"shape_attributes": {"name": "polygon", "all_points_x": [8, 42, 46, 12], "all_points_y": [392, 389, 427, 430]}, "region_attributes": {"class": 2}}, {"shape_attributes": {"name": "polygon", "all_points_x": [180, 175, 218, 223], "all_points_y": [279, 252, 244, 271]}, "region_attributes": {"class": 2}}, {"shape_attributes": {"name": "polygon", "all_points_x": [510, 540, 530, 500], "all_points_y": [171, 183, 211, 199]}, "region_attributes": {"class": 2}}, {"shape_attributes": {"name": "polygon", "all_points_x": [474, 483, 502, 493], "all_points_y": [136, 116, 123, 143]}, "region_attributes": {"class": 2}}, {"shape_attributes": {"name": "polygon", "all_points_x": [721, 717, 793, 797], "all_points_y": [182, 153, 142, 172]}, "region_attributes": {"class": 2}}, {"shape_attributes": {"name": "polygon", "all_points_x": [1002, 1008, 958, 951], "all_points_y": [235, 268, 277, 244]}, "region_attributes": {"class": 2}}, {"shape_attributes": {"name": "polygon", "all_points_x": [888, 920, 929, 897], "all_points_y": [208, 200, 238, 246]}, "region_attributes": {"class": 2}}, {"shape_attributes": {"name": "polygon", "all_points_x": [901, 929, 937, 909], "all_points_y": [256, 248, 278, 286]}, "region_attributes": {"class": 2}}, {"shape_attributes": {"name": "polygon", "all_points_x": [141, 162, 177, 156], "all_points_y": [781, 770, 797, 808]}, "region_attributes": {"class": 2}}, {"shape_attributes": {"name": "polygon", "all_points_x": [174, 198, 222, 197], "all_points_y": [835, 815, 844, 864]}, "region_attributes": {"class": 2}}, {"shape_attributes": {"name": "polygon", "all_points_x": [205, 235, 250, 221], "all_points_y": [865, 849, 877, 893]}, "region_attributes": {"class": 2}}, {"shape_attributes": {"name": "polygon", "all_points_x": [230, 256, 274, 247], "all_points_y": [900, 885, 914, 930]}, "region_attributes": {"class": 2}}, {"shape_attributes": {"name": "polygon", "all_points_x": [247, 239, 279, 287], "all_points_y": [968, 942, 931, 956]}, "region_attributes": {"class": 2}}, {"shape_attributes": {"name": "polygon", "all_points_x": [263, 305, 322, 280], "all_points_y": [881, 860, 893, 914]}, "region_attributes": {"class": 2}}, {"shape_attributes": {"name": "polygon", "all_points_x": [302, 330, 346, 318], "all_points_y": [914, 898, 926, 942]}, "region_attributes": {"class": 2}}, {"shape_attributes": {"name": "polygon", "all_points_x": [326, 350, 361, 337], "all_points_y": [948, 936, 959, 971]}, "region_attributes": {"class": 2}}, {"shape_attributes": {"name": "polygon", "all_points_x": [295, 346, 365, 314], "all_points_y": [809, 783, 821, 847]}, "region_attributes": {"class": 2}}, {"shape_attributes": {"name": "polygon", "all_points_x": [316, 368, 387, 335], "all_points_y": [848, 822, 860, 886]}, "region_attributes": {"class": 2}}, {"shape_attributes": {"name": "polygon", "all_points_x": [341, 393, 412, 360], "all_points_y": [890, 864, 902, 928]}, "region_attributes": {"class": 2}}, {"shape_attributes": {"name": "polygon", "all_points_x": [263, 286, 302, 279], "all_points_y": [830, 816, 842, 856]}, "region_attributes": {"class": 2}}, {"shape_attributes": {"name": "polygon", "all_points_x": [376, 410, 429, 395], "all_points_y": [824, 804, 837, 857]}, "region_attributes": {"class": 2}}, {"shape_attributes": {"name": "polygon", "all_points_x": [419, 452, 477, 444], "all_points_y": [702, 685, 733, 750]}, "region_attributes": {"class": 2}}, {"shape_attributes": {"name": "polygon", "all_points_x": [555, 572, 589, 572], "all_points_y": [934, 921, 942, 955]}, "region_attributes": {"class": 2}}, {"shape_attributes": {"name": "polygon", "all_points_x": [579, 573, 598, 604], "all_points_y": [752, 741, 726, 738]}, "region_attributes": {"class": 2}}, {"shape_attributes": {"name": "polygon", "all_points_x": [598, 619, 633, 612], "all_points_y": [680, 662, 677, 696]}, "region_attributes": {"class": 2}}, {"shape_attributes": {"name": "polygon", "all_points_x": [615, 646, 668, 636], "all_points_y": [702, 685, 726, 742]}, "region_attributes": {"class": 2}}, {"shape_attributes": {"name": "polygon", "all_points_x": [665, 686, 703, 682], "all_points_y": [703, 690, 718, 730]}, "region_attributes": {"class": 2}}, {"shape_attributes": {"name": "polygon", "all_points_x": [766, 751, 840, 855], "all_points_y": [780, 740, 706, 746]}, "region_attributes": {"class": 2}}, {"shape_attributes": {"name": "polygon", "all_points_x": [755, 778, 774, 751], "all_points_y": [640, 643, 678, 675]}, "region_attributes": {"class": 2}}, {"shape_attributes": {"name": "polygon", "all_points_x": [791, 781, 814, 823], "all_points_y": [669, 651, 634, 652]}, "region_attributes": {"class": 2}}, {"shape_attributes": {"name": "polygon", "all_points_x": [842, 856, 800, 786], "all_points_y": [528, 548, 587, 567]}, "region_attributes": {"class": 2}}, {"shape_attributes": {"name": "polygon", "all_points_x": [677, 708, 706, 674], "all_points_y": [517, 521, 541, 538]}, "region_attributes": {"class": 2}}, {"shape_attributes": {"name": "polygon", "all_points_x": [714, 731, 725, 708], "all_points_y": [532, 536, 563, 559]}, "region_attributes": {"class": 2}}, {"shape_attributes": {"name": "polygon", "all_points_x": [54, 82, 88, 59], "all_points_y": [641, 636, 670, 674]}, "region_attributes": {"class": 2}}, {"shape_attributes": {"name": "polygon", "all_points_x": [179, 213, 184, 151], "all_points_y": [685, 705, 753, 733]}, "region_attributes": {"class": 2}}, {"shape_attributes": {"name": "polygon", "all_points_x": [301, 332, 309, 279], "all_points_y": [595, 614, 651, 632]}, "region_attributes": {"class": 2}}, {"shape_attributes": {"name": "polygon", "all_points_x": [359, 392, 339, 307], "all_points_y": [584, 605, 678, 658]}, "region_attributes": {"class": 2}}, {"shape_attributes": {"name": "polygon", "all_points_x": [153, 186, 188, 155], "all_points_y": [434, 432, 451, 453]}, "region_attributes": {"class": 1}}, {"shape_attributes": {"name": "polygon", "all_points_x": [592, 575, 612, 629], "all_points_y": [899, 868, 848, 879]}, "region_attributes": {"class": 1}}, {"shape_attributes": {"name": "polygon", "all_points_x": [576, 561, 598, 613], "all_points_y": [868, 840, 820, 848]}, "region_attributes": {"class": 1}}, {"shape_attributes": {"name": "polygon", "all_points_x": [501, 534, 550, 517], "all_points_y": [735, 716, 740, 759]}, "region_attributes": {"class": 1}}, {"shape_attributes": {"name": "polygon", "all_points_x": [511, 552, 549, 508], "all_points_y": [609, 615, 644, 639]}, "region_attributes": {"class": 1}}, {"shape_attributes": {"name": "polygon", "all_points_x": [637, 676, 675, 633], "all_points_y": [627, 635, 659, 652]}, "region_attributes": {"class": 1}}, {"shape_attributes": {"name": "polygon", "all_points_x": [141, 177, 161, 124], "all_points_y": [147, 163, 191, 174]}, "region_attributes": {"class": 1}}, {"shape_attributes": {"name": "polygon", "all_points_x": [242, 285, 276, 232], "all_points_y": [165, 179, 208, 193]}, "region_attributes": {"class": 1}}, {"shape_attributes": {"name": "polygon", "all_points_x": [252, 309, 311, 254], "all_points_y": [319, 315, 349, 353]}, "region_attributes": {"class": 1}}, {"shape_attributes": {"name": "polygon", "all_points_x": [252, 323, 326, 255], "all_points_y": [367, 358, 381, 389]}, "region_attributes": {"class": 1}}], "file_attributes": {}}, "xinxing84_F49G034069_263.jpg157388": {"filename": "xinxing84_F49G034069_263.jpg", "size": 157388, "regions": [{"shape_attributes": {"name": "polygon", "all_points_x": [1, 26, 31, 6], "all_points_y": [301, 296, 322, 326]}, "region_attributes": {"class": 1}}, {"shape_attributes": {"name": "polygon", "all_points_x": [963, 972, 987, 978], "all_points_y": [795, 783, 793, 805]}, "region_attributes": {"class": 1}}, {"shape_attributes": {"name": "polygon", "all_points_x": [220, 251, 258, 226], "all_points_y": [34, 24, 48, 59]}, "region_attributes": {"class": 1}}, {"shape_attributes": {"name": "polygon", "all_points_x": [492, 544, 548, 496], "all_points_y": [239, 230, 257, 266]}, "region_attributes": {"class": 1}}, {"shape_attributes": {"name": "polygon", "all_points_x": [431, 478, 483, 436], "all_points_y": [221, 213, 239, 247]}, "region_attributes": {"class": 1}}, {"shape_attributes": {"name": "polygon", "all_points_x": [430, 426, 472, 476], "all_points_y": [220, 192, 185, 213]}, "region_attributes": {"class": 1}}, {"shape_attributes": {"name": "polygon", "all_points_x": [525, 570, 572, 527], "all_points_y": [561, 555, 575, 581]}, "region_attributes": {"class": 2}}, {"shape_attributes": {"name": "polygon", "all_points_x": [657, 713, 717, 661], "all_points_y": [666, 657, 680, 690]}, "region_attributes": {"class": 1}}, {"shape_attributes": {"name": "polygon", "all_points_x": [662, 704, 708, 666], "all_points_y": [696, 691, 714, 720]}, "region_attributes": {"class": 1}}, {"shape_attributes": {"name": "polygon", "all_points_x": [457, 502, 506, 462], "all_points_y": [347, 339, 366, 375]}, "region_attributes": {"class": 1}}, {"shape_attributes": {"name": "polygon", "all_points_x": [403, 448, 451, 407], "all_points_y": [388, 380, 408, 415]}, "region_attributes": {"class": 1}}, {"shape_attributes": {"name": "polygon", "all_points_x": [929, 943, 971, 957], "all_points_y": [772, 756, 780, 796]}, "region_attributes": {"class": 2}}, {"shape_attributes": {"name": "polygon", "all_points_x": [408, 453, 456, 412], "all_points_y": [416, 408, 436, 443]}, "region_attributes": {"class": 1}}, {"shape_attributes": {"name": "polygon", "all_points_x": [188, 210, 219, 197], "all_points_y": [143, 135, 162, 169]}, "region_attributes": {"class": 2}}, {"shape_attributes": {"name": "polygon", "all_points_x": [165, 187, 196, 174], "all_points_y": [149, 142, 168, 176]}, "region_attributes": {"class": 2}}, {"shape_attributes": {"name": "polygon", "all_points_x": [860, 905, 908, 862], "all_points_y": [516, 508, 534, 542]}, "region_attributes": {"class": 1}}, {"shape_attributes": {"name": "polygon", "all_points_x": [805, 851, 856, 810], "all_points_y": [515, 507, 540, 548]}, "region_attributes": {"class": 1}}, {"shape_attributes": {"name": "polygon", "all_points_x": [558, 555, 598, 602], "all_points_y": [739, 713, 708, 734]}, "region_attributes": {"class": 1}}, {"shape_attributes": {"name": "polygon", "all_points_x": [536, 565, 569, 540], "all_points_y": [622, 619, 640, 642]}, "region_attributes": {"class": 1}}, {"shape_attributes": {"name": "polygon", "all_points_x": [110, 107, 132, 135], "all_points_y": [878, 861, 857, 874]}, "region_attributes": {"class": 2}}, {"shape_attributes": {"name": "polygon", "all_points_x": [479, 523, 527, 483], "all_points_y": [598, 591, 618, 624]}, "region_attributes": {"class": 2}}, {"shape_attributes": {"name": "polygon", "all_points_x": [23, 57, 67, 33], "all_points_y": [70, 58, 86, 98]}, "region_attributes": {"class": 1}}, {"shape_attributes": {"name": "polygon", "all_points_x": [67, 112, 121, 77], "all_points_y": [55, 41, 69, 84]}, "region_attributes": {"class": 1}}, {"shape_attributes": {"name": "polygon", "all_points_x": [80, 124, 133, 89], "all_points_y": [88, 71, 96, 112]}, "region_attributes": {"class": 1}}, {"shape_attributes": {"name": "polygon", "all_points_x": [164, 155, 200, 210], "all_points_y": [148, 121, 107, 134]}, "region_attributes": {"class": 1}}, {"shape_attributes": {"name": "polygon", "all_points_x": [273, 312, 322, 284], "all_points_y": [76, 63, 93, 106]}, "region_attributes": {"class": 1}}, {"shape_attributes": {"name": "polygon", "all_points_x": [421, 416, 459, 463], "all_points_y": [155, 124, 118, 150]}, "region_attributes": {"class": 1}}, {"shape_attributes": {"name": "polygon", "all_points_x": [427, 422, 469, 473], "all_points_y": [187, 160, 152, 179]}, "region_attributes": {"class": 1}}, {"shape_attributes": {"name": "polygon", "all_points_x": [371, 367, 414, 418], "all_points_y": [226, 199, 191, 218]}, "region_attributes": {"class": 1}}, {"shape_attributes": {"name": "polygon", "all_points_x": [545, 541, 587, 592], "all_points_y": [227, 200, 192, 219]}, "region_attributes": {"class": 1}}, {"shape_attributes": {"name": "polygon", "all_points_x": [552, 548, 594, 598], "all_points_y": [257, 229, 222, 249]}, "region_attributes": {"class": 1}}, {"shape_attributes": {"name": "polygon", "all_points_x": [443, 439, 485, 489], "all_points_y": [275, 248, 241, 268]}, "region_attributes": {"class": 1}}, {"shape_attributes": {"name": "polygon", "all_points_x": [490, 486, 535, 540], "all_points_y": [237, 209, 199, 227]}, "region_attributes": {"class": 1}}, {"shape_attributes": {"name": "polygon", "all_points_x": [553, 549, 595, 599], "all_points_y": [287, 259, 252, 280]}, "region_attributes": {"class": 1}}, {"shape_attributes": {"name": "polygon", "all_points_x": [607, 597, 640, 650], "all_points_y": [116, 90, 73, 98]}, "region_attributes": {"class": 1}}, {"shape_attributes": {"name": "polygon", "all_points_x": [606, 652, 659, 613], "all_points_y": [284, 275, 310, 320]}, "region_attributes": {"class": 1}}, {"shape_attributes": {"name": "polygon", "all_points_x": [583, 613, 633, 603], "all_points_y": [337, 325, 377, 389]}, "region_attributes": {"class": 1}}, {"shape_attributes": {"name": "polygon", "all_points_x": [516, 565, 572, 523], "all_points_y": [367, 358, 397, 406]}, "region_attributes": {"class": 1}}, {"shape_attributes": {"name": "polygon", "all_points_x": [503, 552, 559, 510], "all_points_y": [301, 292, 332, 341]}, "region_attributes": {"class": 1}}, {"shape_attributes": {"name": "polygon", "all_points_x": [371, 421, 428, 378], "all_points_y": [229, 220, 260, 268]}, "region_attributes": {"class": 1}}, {"shape_attributes": {"name": "polygon", "all_points_x": [479, 534, 540, 484], "all_points_y": [180, 169, 197, 208]}, "region_attributes": {"class": 1}}, {"shape_attributes": {"name": "polygon", "all_points_x": [531, 550, 554, 535], "all_points_y": [411, 407, 435, 438]}, "region_attributes": {"class": 1}}, {"shape_attributes": {"name": "polygon", "all_points_x": [568, 619, 622, 571], "all_points_y": [436, 431, 458, 463]}, "region_attributes": {"class": 1}}, {"shape_attributes": {"name": "polygon", "all_points_x": [662, 706, 714, 670], "all_points_y": [447, 438, 477, 486]}, "region_attributes": {"class": 1}}, {"shape_attributes": {"name": "polygon", "all_points_x": [668, 713, 719, 674], "all_points_y": [494, 486, 523, 531]}, "region_attributes": {"class": 1}}, {"shape_attributes": {"name": "polygon", "all_points_x": [675, 726, 731, 680], "all_points_y": [538, 529, 559, 568]}, "region_attributes": {"class": 1}}, {"shape_attributes": {"name": "polygon", "all_points_x": [683, 726, 730, 688], "all_points_y": [573, 565, 589, 597]}, "region_attributes": {"class": 1}}, {"shape_attributes": {"name": "polygon", "all_points_x": [738, 786, 789, 740], "all_points_y": [559, 555, 585, 589]}, "region_attributes": {"class": 1}}, {"shape_attributes": {"name": "polygon", "all_points_x": [727, 776, 782, 733], "all_points_y": [496, 488, 519, 527]}, "region_attributes": {"class": 1}}, {"shape_attributes": {"name": "polygon", "all_points_x": [844, 850, 801, 795], "all_points_y": [463, 503, 512, 473]}, "region_attributes": {"class": 1}}, {"shape_attributes": {"name": "polygon", "all_points_x": [772, 779, 868, 861], "all_points_y": [394, 359, 379, 414]}, "region_attributes": {"class": 1}}, {"shape_attributes": {"name": "polygon", "all_points_x": [840, 876, 878, 842], "all_points_y": [421, 419, 450, 452]}, "region_attributes": {"class": 1}}, {"shape_attributes": {"name": "polygon", "all_points_x": [677, 723, 728, 682], "all_points_y": [362, 355, 384, 392]}, "region_attributes": {"class": 1}}, {"shape_attributes": {"name": "polygon", "all_points_x": [677, 674, 713, 716], "all_points_y": [355, 331, 325, 349]}, "region_attributes": {"class": 1}}, {"shape_attributes": {"name": "polygon", "all_points_x": [835, 875, 869, 829], "all_points_y": [329, 336, 372, 365]}, "region_attributes": {"class": 1}}, {"shape_attributes": {"name": "polygon", "all_points_x": [513, 509, 555, 560], "all_points_y": [504, 478, 470, 496]}, "region_attributes": {"class": 1}}, {"shape_attributes": {"name": "polygon", "all_points_x": [518, 559, 564, 523], "all_points_y": [444, 438, 466, 473]}, "region_attributes": {"class": 1}}, {"shape_attributes": {"name": "polygon", "all_points_x": [513, 567, 571, 518], "all_points_y": [510, 500, 524, 533]}, "region_attributes": {"class": 1}}, {"shape_attributes": {"name": "polygon", "all_points_x": [572, 631, 635, 575], "all_points_y": [470, 462, 487, 495]}, "region_attributes": {"class": 1}}, {"shape_attributes": {"name": "polygon", "all_points_x": [417, 463, 467, 420], "all_points_y": [445, 439, 469, 474]}, "region_attributes": {"class": 1}}, {"shape_attributes": {"name": "polygon", "all_points_x": [462, 503, 511, 470], "all_points_y": [504, 496, 536, 544]}, "region_attributes": {"class": 1}}, {"shape_attributes": {"name": "polygon", "all_points_x": [360, 411, 405, 355], "all_points_y": [534, 544, 570, 560]}, "region_attributes": {"class": 1}}, {"shape_attributes": {"name": "polygon", "all_points_x": [353, 392, 384, 346], "all_points_y": [613, 619, 660, 653]}, "region_attributes": {"class": 1}}, {"shape_attributes": {"name": "polygon", "all_points_x": [486, 531, 535, 490], "all_points_y": [632, 625, 651, 658]}, "region_attributes": {"class": 1}}, {"shape_attributes": {"name": "polygon", "all_points_x": [490, 541, 545, 494], "all_points_y": [662, 655, 687, 694]}, "region_attributes": {"class": 1}}, {"shape_attributes": {"name": "polygon", "all_points_x": [532, 580, 584, 536], "all_points_y": [601, 594, 615, 622]}, "region_attributes": {"class": 1}}, {"shape_attributes": {"name": "polygon", "all_points_x": [543, 597, 601, 547], "all_points_y": [654, 646, 673, 681]}, "region_attributes": {"class": 1}}, {"shape_attributes": {"name": "polygon", "all_points_x": [595, 640, 644, 600], "all_points_y": [602, 596, 635, 641]}, "region_attributes": {"class": 1}}, {"shape_attributes": {"name": "polygon", "all_points_x": [607, 650, 657, 613], "all_points_y": [676, 667, 698, 707]}, "region_attributes": {"class": 1}}, {"shape_attributes": {"name": "polygon", "all_points_x": [608, 604, 647, 651], "all_points_y": [671, 646, 640, 664]}, "region_attributes": {"class": 1}}, {"shape_attributes": {"name": "polygon", "all_points_x": [677, 704, 710, 684], "all_points_y": [737, 731, 759, 765]}, "region_attributes": {"class": 1}}, {"shape_attributes": {"name": "polygon", "all_points_x": [627, 669, 674, 632], "all_points_y": [796, 788, 814, 823]}, "region_attributes": {"class": 1}}, {"shape_attributes": {"name": "polygon", "all_points_x": [663, 689, 707, 681], "all_points_y": [910, 888, 911, 933]}, "region_attributes": {"class": 1}}, {"shape_attributes": {"name": "polygon", "all_points_x": [673, 711, 726, 688], "all_points_y": [944, 914, 935, 964]}, "region_attributes": {"class": 1}}, {"shape_attributes": {"name": "polygon", "all_points_x": [692, 714, 742, 720], "all_points_y": [889, 868, 901, 922]}, "region_attributes": {"class": 1}}, {"shape_attributes": {"name": "polygon", "all_points_x": [718, 762, 770, 726], "all_points_y": [757, 749, 792, 800]}, "region_attributes": {"class": 1}}, {"shape_attributes": {"name": "polygon", "all_points_x": [127, 121, 178, 184], "all_points_y": [854, 827, 815, 841]}, "region_attributes": {"class": 1}}, {"shape_attributes": {"name": "polygon", "all_points_x": [236, 273, 279, 242], "all_points_y": [902, 897, 937, 942]}, "region_attributes": {"class": 1}}, {"shape_attributes": {"name": "polygon", "all_points_x": [311, 353, 357, 315], "all_points_y": [870, 862, 887, 895]}, "region_attributes": {"class": 1}}, {"shape_attributes": {"name": "polygon", "all_points_x": [230, 261, 277, 246], "all_points_y": [724, 715, 771, 780]}, "region_attributes": {"class": 1}}, {"shape_attributes": {"name": "polygon", "all_points_x": [261, 254, 305, 311], "all_points_y": [243, 206, 197, 234]}, "region_attributes": {"class": 1}}, {"shape_attributes": {"name": "polygon", "all_points_x": [258, 307, 314, 265], "all_points_y": [249, 241, 279, 288]}, "region_attributes": {"class": 1}}, {"shape_attributes": {"name": "polygon", "all_points_x": [723, 764, 771, 730], "all_points_y": [309, 302, 343, 350]}, "region_attributes": {"class": 1}}, {"shape_attributes": {"name": "polygon", "all_points_x": [769, 799, 794, 774], "all_points_y": [306, 305, 347, 344]}, "region_attributes": {"class": 1}}, {"shape_attributes": {"name": "polygon", "all_points_x": [804, 820, 811, 795], "all_points_y": [305, 307, 357, 354]}, "region_attributes": {"class": 1}}, {"shape_attributes": {"name": "polygon", "all_points_x": [925, 980, 983, 929], "all_points_y": [564, 556, 578, 586]}, "region_attributes": {"class": 1}}, {"shape_attributes": {"name": "polygon", "all_points_x": [953, 986, 989, 957], "all_points_y": [585, 581, 615, 618]}, "region_attributes": {"class": 1}}, {"shape_attributes": {"name": "polygon", "all_points_x": [1010, 1013, 991, 988], "all_points_y": [554, 586, 588, 556]}, "region_attributes": {"class": 1}}, {"shape_attributes": {"name": "polygon", "all_points_x": [1009, 1013, 978, 973], "all_points_y": [485, 512, 518, 491]}, "region_attributes": {"class": 1}}, {"shape_attributes": {"name": "polygon", "all_points_x": [871, 917, 924, 878], "all_points_y": [580, 573, 621, 627]}, "region_attributes": {"class": 1}}, {"shape_attributes": {"name": "polygon", "all_points_x": [822, 866, 872, 828], "all_points_y": [610, 601, 629, 638]}, "region_attributes": {"class": 1}}, {"shape_attributes": {"name": "polygon", "all_points_x": [877, 900, 932, 909], "all_points_y": [826, 798, 824, 852]}, "region_attributes": {"class": 1}}, {"shape_attributes": {"name": "polygon", "all_points_x": [843, 876, 906, 872], "all_points_y": [862, 827, 855, 891]}, "region_attributes": {"class": 1}}, {"shape_attributes": {"name": "polygon", "all_points_x": [936, 966, 1003, 973], "all_points_y": [735, 707, 747, 775]}, "region_attributes": {"class": 1}}, {"shape_attributes": {"name": "polygon", "all_points_x": [1012, 1012, 999, 979, 1006], "all_points_y": [754, 780, 797, 778, 747]}, "region_attributes": {"class": 1}}, {"shape_attributes": {"name": "polygon", "all_points_x": [768, 813, 818, 772], "all_points_y": [724, 716, 744, 751]}, "region_attributes": {"class": 1}}, {"shape_attributes": {"name": "polygon", "all_points_x": [360, 396, 403, 367], "all_points_y": [878, 870, 899, 907]}, "region_attributes": {"class": 1}}, {"shape_attributes": {"name": "polygon", "all_points_x": [409, 407, 458, 460], "all_points_y": [893, 856, 854, 891]}, "region_attributes": {"class": 1}}, {"shape_attributes": {"name": "polygon", "all_points_x": [406, 414, 440, 432], "all_points_y": [845, 823, 834, 855]}, "region_attributes": {"class": 1}}, {"shape_attributes": {"name": "polygon", "all_points_x": [424, 427, 456, 453], "all_points_y": [824, 789, 792, 827]}, "region_attributes": {"class": 1}}, {"shape_attributes": {"name": "polygon", "all_points_x": [454, 490, 498, 462], "all_points_y": [754, 749, 797, 802]}, "region_attributes": {"class": 1}}, {"shape_attributes": {"name": "polygon", "all_points_x": [707, 737, 742, 713], "all_points_y": [624, 618, 646, 652]}, "region_attributes": {"class": 1}}, {"shape_attributes": {"name": "polygon", "all_points_x": [828, 871, 878, 835], "all_points_y": [643, 635, 672, 680]}, "region_attributes": {"class": 1}}, {"shape_attributes": {"name": "polygon", "all_points_x": [482, 527, 532, 487], "all_points_y": [927, 921, 956, 962]}, "region_attributes": {"class": 1}}, {"shape_attributes": {"name": "polygon", "all_points_x": [414, 462, 455, 406], "all_points_y": [621, 634, 662, 649]}, "region_attributes": {"class": 1}}, {"shape_attributes": {"name": "polygon", "all_points_x": [468, 485, 481, 464], "all_points_y": [636, 639, 664, 661]}, "region_attributes": {"class": 1}}, {"shape_attributes": {"name": "polygon", "all_points_x": [515, 555, 560, 519], "all_points_y": [816, 809, 835, 841]}, "region_attributes": {"class": 1}}, {"shape_attributes": {"name": "polygon", "all_points_x": [519, 564, 568, 523], "all_points_y": [845, 839, 867, 873]}, "region_attributes": {"class": 1}}, {"shape_attributes": {"name": "polygon", "all_points_x": [853, 899, 904, 858], "all_points_y": [483, 475, 508, 516]}, "region_attributes": {"class": 1}}, {"shape_attributes": {"name": "polygon", "all_points_x": [606, 600, 639, 645], "all_points_y": [278, 252, 246, 272]}, "region_attributes": {"class": 1}}, {"shape_attributes": {"name": "polygon", "all_points_x": [69, 109, 118, 78], "all_points_y": [187, 173, 199, 212]}, "region_attributes": {"class": 1}}, {"shape_attributes": {"name": "polygon", "all_points_x": [254, 293, 298, 258], "all_points_y": [161, 154, 181, 188]}, "region_attributes": {"class": 1}}, {"shape_attributes": {"name": "polygon", "all_points_x": [14, 5, 44, 53], "all_points_y": [201, 176, 162, 187]}, "region_attributes": {"class": 2}}, {"shape_attributes": {"name": "polygon", "all_points_x": [25, 16, 55, 64], "all_points_y": [230, 205, 191, 216]}, "region_attributes": {"class": 2}}, {"shape_attributes": {"name": "polygon", "all_points_x": [43, 34, 73, 82], "all_points_y": [128, 104, 90, 114]}, "region_attributes": {"class": 2}}, {"shape_attributes": {"name": "polygon", "all_points_x": [54, 45, 84, 93], "all_points_y": [157, 133, 118, 143]}, "region_attributes": {"class": 2}}, {"shape_attributes": {"name": "polygon", "all_points_x": [113, 104, 143, 152], "all_points_y": [169, 145, 130, 155]}, "region_attributes": {"class": 2}}, {"shape_attributes": {"name": "polygon", "all_points_x": [102, 93, 132, 141], "all_points_y": [140, 116, 102, 126]}, "region_attributes": {"class": 2}}, {"shape_attributes": {"name": "polygon", "all_points_x": [58, 97, 105, 66], "all_points_y": [160, 147, 171, 185]}, "region_attributes": {"class": 2}}, {"shape_attributes": {"name": "polygon", "all_points_x": [116, 159, 167, 124], "all_points_y": [172, 157, 179, 195]}, "region_attributes": {"class": 2}}, {"shape_attributes": {"name": "polygon", "all_points_x": [210, 232, 241, 220], "all_points_y": [138, 130, 157, 165]}, "region_attributes": {"class": 2}}, {"shape_attributes": {"name": "polygon", "all_points_x": [301, 343, 348, 306], "all_points_y": [147, 138, 165, 174]}, "region_attributes": {"class": 2}}, {"shape_attributes": {"name": "polygon", "all_points_x": [308, 347, 353, 314], "all_points_y": [177, 171, 207, 214]}, "region_attributes": {"class": 2}}, {"shape_attributes": {"name": "polygon", "all_points_x": [315, 360, 365, 320], "all_points_y": [218, 213, 249, 254]}, "region_attributes": {"class": 2}}, {"shape_attributes": {"name": "polygon", "all_points_x": [357, 354, 395, 398], "all_points_y": [134, 111, 105, 128]}, "region_attributes": {"class": 2}}, {"shape_attributes": {"name": "polygon", "all_points_x": [355, 403, 406, 358], "all_points_y": [139, 134, 164, 169]}, "region_attributes": {"class": 2}}, {"shape_attributes": {"name": "polygon", "all_points_x": [366, 364, 407, 409], "all_points_y": [194, 174, 168, 189]}, "region_attributes": {"class": 2}}, {"shape_attributes": {"name": "polygon", "all_points_x": [429, 468, 486, 447], "all_points_y": [20, 2, 41, 59]}, "region_attributes": {"class": 2}}, {"shape_attributes": {"name": "polygon", "all_points_x": [462, 498, 513, 477], "all_points_y": [61, 48, 87, 100]}, "region_attributes": {"class": 1}}, {"shape_attributes": {"name": "polygon", "all_points_x": [501, 537, 557, 520], "all_points_y": [43, 26, 69, 86]}, "region_attributes": {"class": 2}}, {"shape_attributes": {"name": "polygon", "all_points_x": [523, 558, 571, 535], "all_points_y": [90, 73, 98, 116]}, "region_attributes": {"class": 2}}, {"shape_attributes": {"name": "polygon", "all_points_x": [538, 577, 589, 550], "all_points_y": [120, 99, 121, 142]}, "region_attributes": {"class": 2}}, {"shape_attributes": {"name": "polygon", "all_points_x": [475, 522, 532, 494], "all_points_y": [4, 1, 21, 39]}, "region_attributes": {"class": 2}}, {"shape_attributes": {"name": "polygon", "all_points_x": [496, 549, 553, 500], "all_points_y": [268, 259, 287, 296]}, "region_attributes": {"class": 1}}, {"shape_attributes": {"name": "polygon", "all_points_x": [442, 490, 494, 447], "all_points_y": [280, 272, 298, 306]}, "region_attributes": {"class": 1}}, {"shape_attributes": {"name": "polygon", "all_points_x": [384, 423, 426, 387], "all_points_y": [289, 282, 300, 306]}, "region_attributes": {"class": 2}}, {"shape_attributes": {"name": "polygon", "all_points_x": [389, 437, 443, 395], "all_points_y": [314, 307, 346, 354]}, "region_attributes": {"class": 2}}, {"shape_attributes": {"name": "polygon", "all_points_x": [218, 245, 249, 222], "all_points_y": [345, 338, 364, 370]}, "region_attributes": {"class": 2}}, {"shape_attributes": {"name": "polygon", "all_points_x": [222, 249, 253, 225], "all_points_y": [373, 369, 394, 399]}, "region_attributes": {"class": 2}}, {"shape_attributes": {"name": "polygon", "all_points_x": [279, 308, 312, 283], "all_points_y": [364, 359, 384, 389]}, "region_attributes": {"class": 2}}, {"shape_attributes": {"name": "polygon", "all_points_x": [275, 303, 307, 279], "all_points_y": [336, 331, 356, 361]}, "region_attributes": {"class": 2}}, {"shape_attributes": {"name": "polygon", "all_points_x": [328, 354, 358, 332], "all_points_y": [297, 294, 320, 323]}, "region_attributes": {"class": 2}}, {"shape_attributes": {"name": "polygon", "all_points_x": [337, 369, 375, 343], "all_points_y": [342, 337, 375, 380]}, "region_attributes": {"class": 2}}, {"shape_attributes": {"name": "polygon", "all_points_x": [346, 378, 383, 351], "all_points_y": [384, 379, 417, 421]}, "region_attributes": {"class": 2}}, {"shape_attributes": {"name": "polygon", "all_points_x": [360, 353, 396, 402], "all_points_y": [453, 427, 416, 442]}, "region_attributes": {"class": 2}}, {"shape_attributes": {"name": "polygon", "all_points_x": [285, 311, 318, 292], "all_points_y": [395, 390, 431, 436]}, "region_attributes": {"class": 2}}, {"shape_attributes": {"name": "polygon", "all_points_x": [403, 399, 444, 448], "all_points_y": [383, 359, 351, 375]}, "region_attributes": {"class": 1}}, {"shape_attributes": {"name": "polygon", "all_points_x": [32, 71, 79, 40], "all_points_y": [308, 302, 349, 355]}, "region_attributes": {"class": 2}}, {"shape_attributes": {"name": "polygon", "all_points_x": [1, 40, 48, 10], "all_points_y": [462, 452, 485, 495]}, "region_attributes": {"class": 2}}, {"shape_attributes": {"name": "polygon", "all_points_x": [75, 69, 111, 116], "all_points_y": [595, 567, 559, 588]}, "region_attributes": {"class": 2}}, {"shape_attributes": {"name": "polygon", "all_points_x": [1, 35, 42, 8], "all_points_y": [659, 652, 688, 695]}, "region_attributes": {"class": 2}}, {"shape_attributes": {"name": "polygon", "all_points_x": [44, 78, 84, 51], "all_points_y": [654, 647, 681, 687]}, "region_attributes": {"class": 2}}, {"shape_attributes": {"name": "polygon", "all_points_x": [84, 131, 136, 89], "all_points_y": [655, 647, 673, 681]}, "region_attributes": {"class": 2}}, {"shape_attributes": {"name": "polygon", "all_points_x": [1, 28, 34, 6], "all_points_y": [704, 699, 731, 736]}, "region_attributes": {"class": 2}}, {"shape_attributes": {"name": "polygon", "all_points_x": [3, 39, 46, 10], "all_points_y": [741, 735, 771, 778]}, "region_attributes": {"class": 2}}, {"shape_attributes": {"name": "polygon", "all_points_x": [50, 84, 91, 57], "all_points_y": [694, 686, 719, 727]}, "region_attributes": {"class": 2}}, {"shape_attributes": {"name": "polygon", "all_points_x": [56, 93, 100, 63], "all_points_y": [731, 724, 761, 768]}, "region_attributes": {"class": 2}}, {"shape_attributes": {"name": "polygon", "all_points_x": [90, 131, 139, 97], "all_points_y": [686, 678, 716, 724]}, "region_attributes": {"class": 2}}, {"shape_attributes": {"name": "polygon", "all_points_x": [99, 142, 149, 105], "all_points_y": [728, 719, 750, 759]}, "region_attributes": {"class": 2}}, {"shape_attributes": {"name": "polygon", "all_points_x": [9, 49, 56, 16], "all_points_y": [859, 852, 891, 899]}, "region_attributes": {"class": 2}}, {"shape_attributes": {"name": "polygon", "all_points_x": [105, 152, 163, 116], "all_points_y": [766, 755, 803, 814]}, "region_attributes": {"class": 2}}, {"shape_attributes": {"name": "polygon", "all_points_x": [166, 209, 214, 171], "all_points_y": [768, 759, 783, 792]}, "region_attributes": {"class": 2}}, {"shape_attributes": {"name": "polygon", "all_points_x": [139, 188, 193, 143], "all_points_y": [855, 844, 867, 877]}, "region_attributes": {"class": 2}}, {"shape_attributes": {"name": "polygon", "all_points_x": [135, 131, 206, 210], "all_points_y": [909, 883, 872, 898]}, "region_attributes": {"class": 2}}, {"shape_attributes": {"name": "polygon", "all_points_x": [136, 178, 182, 139], "all_points_y": [913, 907, 932, 938]}, "region_attributes": {"class": 2}}, {"shape_attributes": {"name": "polygon", "all_points_x": [183, 212, 221, 192], "all_points_y": [907, 902, 951, 956]}, "region_attributes": {"class": 2}}, {"shape_attributes": {"name": "polygon", "all_points_x": [186, 219, 231, 198], "all_points_y": [810, 801, 850, 859]}, "region_attributes": {"class": 2}}, {"shape_attributes": {"name": "polygon", "all_points_x": [156, 201, 207, 161], "all_points_y": [723, 713, 739, 749]}, "region_attributes": {"class": 2}}, {"shape_attributes": {"name": "polygon", "all_points_x": [151, 147, 178, 182], "all_points_y": [652, 627, 622, 647]}, "region_attributes": {"class": 2}}, {"shape_attributes": {"name": "polygon", "all_points_x": [198, 242, 246, 202], "all_points_y": [650, 641, 662, 671]}, "region_attributes": {"class": 2}}, {"shape_attributes": {"name": "polygon", "all_points_x": [204, 243, 253, 214], "all_points_y": [680, 669, 705, 716]}, "region_attributes": {"class": 2}}, {"shape_attributes": {"name": "polygon", "all_points_x": [186, 196, 154, 143], "all_points_y": [651, 702, 711, 660]}, "region_attributes": {"class": 2}}, {"shape_attributes": {"name": "polygon", "all_points_x": [302, 327, 332, 308], "all_points_y": [622, 618, 647, 651]}, "region_attributes": {"class": 2}}, {"shape_attributes": {"name": "polygon", "all_points_x": [363, 409, 417, 370], "all_points_y": [457, 449, 491, 499]}, "region_attributes": {"class": 2}}, {"shape_attributes": {"name": "polygon", "all_points_x": [362, 413, 410, 358], "all_points_y": [508, 517, 537, 528]}, "region_attributes": {"class": 2}}, {"shape_attributes": {"name": "polygon", "all_points_x": [357, 395, 391, 352], "all_points_y": [583, 593, 611, 602]}, "region_attributes": {"class": 2}}, {"shape_attributes": {"name": "polygon", "all_points_x": [406, 465, 459, 400], "all_points_y": [653, 667, 694, 680]}, "region_attributes": {"class": 1}}, {"shape_attributes": {"name": "polygon", "all_points_x": [420, 469, 471, 422], "all_points_y": [557, 554, 580, 583]}, "region_attributes": {"class": 2}}, {"shape_attributes": {"name": "polygon", "all_points_x": [422, 453, 457, 425], "all_points_y": [525, 521, 552, 556]}, "region_attributes": {"class": 2}}, {"shape_attributes": {"name": "polygon", "all_points_x": [471, 508, 516, 479], "all_points_y": [551, 544, 586, 593]}, "region_attributes": {"class": 2}}, {"shape_attributes": {"name": "polygon", "all_points_x": [521, 565, 568, 523], "all_points_y": [538, 531, 551, 558]}, "region_attributes": {"class": 2}}, {"shape_attributes": {"name": "polygon", "all_points_x": [463, 508, 512, 468], "all_points_y": [375, 367, 394, 403]}, "region_attributes": {"class": 1}}, {"shape_attributes": {"name": "polygon", "all_points_x": [470, 521, 525, 473], "all_points_y": [421, 413, 436, 444]}, "region_attributes": {"class": 2}}, {"shape_attributes": {"name": "polygon", "all_points_x": [476, 507, 510, 479], "all_points_y": [450, 446, 470, 474]}, "region_attributes": {"class": 2}}, {"shape_attributes": {"name": "polygon", "all_points_x": [554, 551, 603, 607], "all_points_y": [711, 685, 677, 703]}, "region_attributes": {"class": 1}}, {"shape_attributes": {"name": "polygon", "all_points_x": [651, 707, 711, 655], "all_points_y": [638, 628, 652, 662]}, "region_attributes": {"class": 1}}, {"shape_attributes": {"name": "polygon", "all_points_x": [834, 881, 892, 845], "all_points_y": [687, 677, 727, 737]}, "region_attributes": {"class": 1}}, {"shape_attributes": {"name": "polygon", "all_points_x": [883, 925, 939, 896], "all_points_y": [635, 626, 690, 699]}, "region_attributes": {"class": 1}}, {"shape_attributes": {"name": "polygon", "all_points_x": [920, 970, 973, 923], "all_points_y": [529, 522, 544, 551]}, "region_attributes": {"class": 1}}, {"shape_attributes": {"name": "polygon", "all_points_x": [1010, 1014, 982, 978], "all_points_y": [518, 548, 552, 523]}, "region_attributes": {"class": 2}}, {"shape_attributes": {"name": "polygon", "all_points_x": [1007, 1012, 962, 957], "all_points_y": [424, 449, 460, 434]}, "region_attributes": {"class": 2}}, {"shape_attributes": {"name": "polygon", "all_points_x": [962, 1009, 1013, 966], "all_points_y": [463, 454, 472, 481]}, "region_attributes": {"class": 2}}, {"shape_attributes": {"name": "polygon", "all_points_x": [308, 302, 360, 365], "all_points_y": [951, 922, 911, 941]}, "region_attributes": {"class": 2}}, {"shape_attributes": {"name": "polygon", "all_points_x": [366, 388, 392, 371], "all_points_y": [914, 910, 938, 941]}, "region_attributes": {"class": 2}}, {"shape_attributes": {"name": "polygon", "all_points_x": [467, 500, 511, 477], "all_points_y": [859, 852, 906, 912]}, "region_attributes": {"class": 2}}, {"shape_attributes": {"name": "polygon", "all_points_x": [527, 572, 575, 530], "all_points_y": [879, 873, 904, 910]}, "region_attributes": {"class": 1}}, {"shape_attributes": {"name": "polygon", "all_points_x": [591, 629, 632, 594], "all_points_y": [867, 861, 885, 891]}, "region_attributes": {"class": 1}}, {"shape_attributes": {"name": "polygon", "all_points_x": [568, 610, 616, 574], "all_points_y": [765, 758, 794, 801]}, "region_attributes": {"class": 1}}, {"shape_attributes": {"name": "polygon", "all_points_x": [546, 552, 514, 507], "all_points_y": [766, 803, 811, 773]}, "region_attributes": {"class": 1}}, {"shape_attributes": {"name": "polygon", "all_points_x": [577, 616, 620, 581], "all_points_y": [808, 803, 827, 833]}, "region_attributes": {"class": 1}}, {"shape_attributes": {"name": "polygon", "all_points_x": [424, 414, 443, 448], "all_points_y": [970, 934, 931, 969]}, "region_attributes": {"class": 2}}, {"shape_attributes": {"name": "polygon", "all_points_x": [335, 331, 367, 374], "all_points_y": [969, 953, 945, 969]}, "region_attributes": {"class": 2}}, {"shape_attributes": {"name": "polygon", "all_points_x": [372, 410, 417, 379], "all_points_y": [946, 939, 969, 968]}, "region_attributes": {"class": 2}}], "file_attributes": {}}, "xinxing84_F49G035066_83.jpg144127": {"filename": "xinxing84_F49G035066_83.jpg", "size": 144127, "regions": [{"shape_attributes": {"name": "polygon", "all_points_x": [170, 183, 226, 213], "all_points_y": [225, 198, 220, 247]}, "region_attributes": {"class": 2}}, {"shape_attributes": {"name": "polygon", "all_points_x": [190, 213, 188, 166], "all_points_y": [240, 251, 302, 291]}, "region_attributes": {"class": 2}}, {"shape_attributes": {"name": "polygon", "all_points_x": [63, 105, 112, 70], "all_points_y": [695, 684, 710, 721]}, "region_attributes": {"class": 2}}, {"shape_attributes": {"name": "polygon", "all_points_x": [156, 140, 170, 186], "all_points_y": [665, 640, 621, 647]}, "region_attributes": {"class": 2}}, {"shape_attributes": {"name": "polygon", "all_points_x": [178, 161, 127, 145], "all_points_y": [575, 605, 585, 556]}, "region_attributes": {"class": 2}}, {"shape_attributes": {"name": "polygon", "all_points_x": [76, 60, 87, 103], "all_points_y": [621, 597, 578, 601]}, "region_attributes": {"class": 2}}, {"shape_attributes": {"name": "polygon", "all_points_x": [91, 108, 123, 106], "all_points_y": [633, 626, 664, 671]}, "region_attributes": {"class": 2}}, {"shape_attributes": {"name": "polygon", "all_points_x": [198, 184, 241, 255], "all_points_y": [639, 615, 583, 607]}, "region_attributes": {"class": 2}}, {"shape_attributes": {"name": "polygon", "all_points_x": [307, 340, 358, 325], "all_points_y": [504, 485, 518, 536]}, "region_attributes": {"class": 2}}, {"shape_attributes": {"name": "polygon", "all_points_x": [225, 205, 176, 197], "all_points_y": [504, 538, 521, 487]}, "region_attributes": {"class": 2}}, {"shape_attributes": {"name": "polygon", "all_points_x": [109, 85, 42, 65], "all_points_y": [524, 563, 537, 498]}, "region_attributes": {"class": 2}}, {"shape_attributes": {"name": "polygon", "all_points_x": [77, 91, 123, 109], "all_points_y": [505, 481, 500, 524]}, "region_attributes": {"class": 2}}, {"shape_attributes": {"name": "polygon", "all_points_x": [200, 169, 143, 173], "all_points_y": [471, 518, 502, 454]}, "region_attributes": {"class": 2}}, {"shape_attributes": {"name": "polygon", "all_points_x": [256, 280, 296, 272], "all_points_y": [481, 469, 500, 513]}, "region_attributes": {"class": 2}}, {"shape_attributes": {"name": "polygon", "all_points_x": [288, 268, 295, 315], "all_points_y": [706, 677, 658, 688]}, "region_attributes": {"class": 2}}, {"shape_attributes": {"name": "polygon", "all_points_x": [322, 302, 330, 349], "all_points_y": [683, 654, 635, 665]}, "region_attributes": {"class": 2}}, {"shape_attributes": {"name": "polygon", "all_points_x": [355, 335, 363, 383], "all_points_y": [662, 632, 614, 643]}, "region_attributes": {"class": 2}}, {"shape_attributes": {"name": "polygon", "all_points_x": [117, 112, 162, 168], "all_points_y": [713, 681, 672, 705]}, "region_attributes": {"class": 2}}, {"shape_attributes": {"name": "polygon", "all_points_x": [129, 165, 172, 135], "all_points_y": [716, 709, 743, 750]}, "region_attributes": {"class": 2}}, {"shape_attributes": {"name": "polygon", "all_points_x": [302, 290, 320, 332], "all_points_y": [495, 467, 454, 483]}, "region_attributes": {"class": 2}}, {"shape_attributes": {"name": "polygon", "all_points_x": [218, 214, 253, 257], "all_points_y": [435, 413, 405, 427]}, "region_attributes": {"class": 2}}, {"shape_attributes": {"name": "polygon", "all_points_x": [529, 514, 538, 553], "all_points_y": [440, 421, 401, 420]}, "region_attributes": {"class": 2}}, {"shape_attributes": {"name": "polygon", "all_points_x": [113, 147, 162, 128], "all_points_y": [450, 433, 463, 480]}, "region_attributes": {"class": 2}}, {"shape_attributes": {"name": "polygon", "all_points_x": [149, 183, 198, 164], "all_points_y": [428, 411, 441, 458]}, "region_attributes": {"class": 2}}, {"shape_attributes": {"name": "polygon", "all_points_x": [368, 355, 385, 399], "all_points_y": [604, 577, 562, 588]}, "region_attributes": {"class": 2}}, {"shape_attributes": {"name": "polygon", "all_points_x": [328, 342, 366, 351], "all_points_y": [224, 211, 236, 249]}, "region_attributes": {"class": 2}}, {"shape_attributes": {"name": "polygon", "all_points_x": [387, 418, 403, 372], "all_points_y": [251, 278, 295, 269]}, "region_attributes": {"class": 2}}, {"shape_attributes": {"name": "polygon", "all_points_x": [323, 352, 370, 341], "all_points_y": [688, 669, 697, 715]}, "region_attributes": {"class": 2}}, {"shape_attributes": {"name": "polygon", "all_points_x": [359, 386, 405, 377], "all_points_y": [667, 648, 676, 695]}, "region_attributes": {"class": 2}}, {"shape_attributes": {"name": "polygon", "all_points_x": [357, 377, 395, 374], "all_points_y": [718, 702, 726, 741]}, "region_attributes": {"class": 2}}, {"shape_attributes": {"name": "polygon", "all_points_x": [467, 492, 517, 492], "all_points_y": [713, 693, 726, 745]}, "region_attributes": {"class": 2}}, {"shape_attributes": {"name": "polygon", "all_points_x": [585, 556, 530, 558], "all_points_y": [732, 756, 724, 700]}, "region_attributes": {"class": 2}}, {"shape_attributes": {"name": "polygon", "all_points_x": [492, 527, 543, 509], "all_points_y": [584, 562, 588, 610]}, "region_attributes": {"class": 2}}, {"shape_attributes": {"name": "polygon", "all_points_x": [491, 470, 534, 555], "all_points_y": [517, 489, 442, 471]}, "region_attributes": {"class": 2}}, {"shape_attributes": {"name": "polygon", "all_points_x": [441, 480, 500, 462], "all_points_y": [458, 432, 462, 488]}, "region_attributes": {"class": 2}}, {"shape_attributes": {"name": "polygon", "all_points_x": [401, 439, 460, 421], "all_points_y": [490, 464, 495, 521]}, "region_attributes": {"class": 2}}, {"shape_attributes": {"name": "polygon", "all_points_x": [412, 451, 471, 432], "all_points_y": [430, 404, 435, 461]}, "region_attributes": {"class": 2}}, {"shape_attributes": {"name": "polygon", "all_points_x": [326, 365, 385, 347], "all_points_y": [550, 524, 555, 581]}, "region_attributes": {"class": 2}}, {"shape_attributes": {"name": "polygon", "all_points_x": [370, 409, 430, 391], "all_points_y": [460, 434, 465, 491]}, "region_attributes": {"class": 2}}], "file_attributes": {}}, "xinxing84_F49G035069_352.jpg144626": {"filename": "xinxing84_F49G035069_352.jpg", "size": 144626, "regions": [{"shape_attributes": {"name": "polygon", "all_points_x": [3, 36, 61, 2], "all_points_y": [614, 588, 615, 666]}, "region_attributes": {"class": 2}}, {"shape_attributes": {"name": "polygon", "all_points_x": [1, 15, 32, 2], "all_points_y": [570, 560, 584, 608]}, "region_attributes": {"class": 2}}, {"shape_attributes": {"name": "polygon", "all_points_x": [42, 74, 89, 58], "all_points_y": [584, 560, 581, 605]}, "region_attributes": {"class": 2}}, {"shape_attributes": {"name": "polygon", "all_points_x": [77, 109, 125, 93], "all_points_y": [556, 532, 553, 577]}, "region_attributes": {"class": 2}}, {"shape_attributes": {"name": "polygon", "all_points_x": [114, 144, 158, 127], "all_points_y": [530, 505, 522, 547]}, "region_attributes": {"class": 2}}, {"shape_attributes": {"name": "polygon", "all_points_x": [196, 219, 237, 215], "all_points_y": [488, 468, 488, 509]}, "region_attributes": {"class": 2}}, {"shape_attributes": {"name": "polygon", "all_points_x": [173, 204, 221, 190], "all_points_y": [452, 431, 456, 476]}, "region_attributes": {"class": 2}}, {"shape_attributes": {"name": "polygon", "all_points_x": [208, 236, 253, 225], "all_points_y": [432, 408, 428, 452]}, "region_attributes": {"class": 2}}, {"shape_attributes": {"name": "polygon", "all_points_x": [270, 302, 316, 284], "all_points_y": [436, 416, 439, 459]}, "region_attributes": {"class": 2}}, {"shape_attributes": {"name": "polygon", "all_points_x": [285, 300, 308, 292], "all_points_y": [387, 371, 377, 394]}, "region_attributes": {"class": 2}}, {"shape_attributes": {"name": "polygon", "all_points_x": [310, 332, 340, 319], "all_points_y": [412, 395, 406, 423]}, "region_attributes": {"class": 2}}, {"shape_attributes": {"name": "polygon", "all_points_x": [257, 291, 306, 273], "all_points_y": [495, 472, 495, 518]}, "region_attributes": {"class": 2}}, {"shape_attributes": {"name": "polygon", "all_points_x": [293, 326, 341, 308], "all_points_y": [472, 448, 468, 493]}, "region_attributes": {"class": 2}}, {"shape_attributes": {"name": "polygon", "all_points_x": [285, 318, 334, 302], "all_points_y": [531, 506, 527, 552]}, "region_attributes": {"class": 2}}, {"shape_attributes": {"name": "polygon", "all_points_x": [323, 354, 369, 337], "all_points_y": [504, 480, 499, 523]}, "region_attributes": {"class": 2}}, {"shape_attributes": {"name": "polygon", "all_points_x": [386, 409, 438, 415], "all_points_y": [514, 496, 530, 549]}, "region_attributes": {"class": 2}}, {"shape_attributes": {"name": "polygon", "all_points_x": [416, 449, 470, 436], "all_points_y": [495, 471, 499, 523]}, "region_attributes": {"class": 2}}, {"shape_attributes": {"name": "polygon", "all_points_x": [313, 348, 364, 328], "all_points_y": [564, 541, 565, 588]}, "region_attributes": {"class": 2}}, {"shape_attributes": {"name": "polygon", "all_points_x": [254, 277, 285, 262], "all_points_y": [554, 535, 543, 562]}, "region_attributes": {"class": 2}}, {"shape_attributes": {"name": "polygon", "all_points_x": [142, 174, 183, 150], "all_points_y": [631, 608, 620, 643]}, "region_attributes": {"class": 2}}, {"shape_attributes": {"name": "polygon", "all_points_x": [176, 200, 209, 185], "all_points_y": [606, 588, 601, 619]}, "region_attributes": {"class": 2}}, {"shape_attributes": {"name": "polygon", "all_points_x": [203, 224, 231, 210], "all_points_y": [587, 573, 583, 598]}, "region_attributes": {"class": 2}}, {"shape_attributes": {"name": "polygon", "all_points_x": [119, 144, 152, 128], "all_points_y": [591, 574, 587, 603]}, "region_attributes": {"class": 2}}, {"shape_attributes": {"name": "polygon", "all_points_x": [173, 197, 205, 181], "all_points_y": [555, 538, 549, 566]}, "region_attributes": {"class": 2}}, {"shape_attributes": {"name": "polygon", "all_points_x": [200, 225, 233, 208], "all_points_y": [537, 520, 531, 548]}, "region_attributes": {"class": 2}}, {"shape_attributes": {"name": "polygon", "all_points_x": [147, 168, 177, 156], "all_points_y": [572, 556, 568, 584]}, "region_attributes": {"class": 2}}, {"shape_attributes": {"name": "polygon", "all_points_x": [335, 377, 397, 356], "all_points_y": [292, 267, 301, 326]}, "region_attributes": {"class": 2}}, {"shape_attributes": {"name": "polygon", "all_points_x": [316, 325, 344, 334], "all_points_y": [787, 779, 800, 808]}, "region_attributes": {"class": 2}}, {"shape_attributes": {"name": "polygon", "all_points_x": [13, 59, 83, 36], "all_points_y": [324, 288, 317, 353]}, "region_attributes": {"class": 2}}, {"shape_attributes": {"name": "polygon", "all_points_x": [6, 32, 38, 12], "all_points_y": [275, 258, 268, 284]}, "region_attributes": {"class": 2}}, {"shape_attributes": {"name": "polygon", "all_points_x": [114, 137, 162, 139], "all_points_y": [654, 637, 670, 688]}, "region_attributes": {"class": 1}}, {"shape_attributes": {"name": "polygon", "all_points_x": [171, 197, 230, 204], "all_points_y": [728, 707, 746, 768]}, "region_attributes": {"class": 1}}, {"shape_attributes": {"name": "polygon", "all_points_x": [202, 232, 242, 212], "all_points_y": [708, 685, 699, 721]}, "region_attributes": {"class": 1}}, {"shape_attributes": {"name": "polygon", "all_points_x": [216, 247, 273, 243], "all_points_y": [723, 698, 730, 755]}, "region_attributes": {"class": 1}}, {"shape_attributes": {"name": "polygon", "all_points_x": [237, 259, 289, 267], "all_points_y": [680, 661, 697, 716]}, "region_attributes": {"class": 1}}, {"shape_attributes": {"name": "polygon", "all_points_x": [264, 284, 311, 291], "all_points_y": [660, 643, 676, 693]}, "region_attributes": {"class": 1}}, {"shape_attributes": {"name": "polygon", "all_points_x": [290, 311, 337, 316], "all_points_y": [639, 622, 654, 672]}, "region_attributes": {"class": 1}}, {"shape_attributes": {"name": "polygon", "all_points_x": [316, 338, 363, 341], "all_points_y": [623, 604, 634, 653]}, "region_attributes": {"class": 1}}, {"shape_attributes": {"name": "polygon", "all_points_x": [209, 231, 254, 232], "all_points_y": [644, 628, 658, 674]}, "region_attributes": {"class": 1}}, {"shape_attributes": {"name": "polygon", "all_points_x": [234, 252, 277, 259], "all_points_y": [623, 608, 637, 653]}, "region_attributes": {"class": 1}}, {"shape_attributes": {"name": "polygon", "all_points_x": [260, 278, 302, 284], "all_points_y": [606, 590, 617, 633]}, "region_attributes": {"class": 1}}, {"shape_attributes": {"name": "polygon", "all_points_x": [293, 315, 322, 300], "all_points_y": [596, 579, 589, 605]}, "region_attributes": {"class": 1}}, {"shape_attributes": {"name": "polygon", "all_points_x": [362, 381, 400, 381], "all_points_y": [477, 462, 487, 502]}, "region_attributes": {"class": 1}}, {"shape_attributes": {"name": "polygon", "all_points_x": [351, 382, 411, 380], "all_points_y": [537, 514, 554, 577]}, "region_attributes": {"class": 1}}, {"shape_attributes": {"name": "polygon", "all_points_x": [343, 372, 399, 370], "all_points_y": [601, 577, 612, 635]}, "region_attributes": {"class": 1}}, {"shape_attributes": {"name": "polygon", "all_points_x": [406, 441, 454, 419], "all_points_y": [610, 584, 602, 628]}, "region_attributes": {"class": 1}}, {"shape_attributes": {"name": "polygon", "all_points_x": [321, 359, 373, 335], "all_points_y": [260, 239, 265, 286]}, "region_attributes": {"class": 1}}, {"shape_attributes": {"name": "polygon", "all_points_x": [248, 274, 282, 256], "all_points_y": [400, 380, 391, 411]}, "region_attributes": {"class": 1}}, {"shape_attributes": {"name": "polygon", "all_points_x": [974, 1005, 968, 937], "all_points_y": [157, 169, 270, 259]}, "region_attributes": {"class": 1}}, {"shape_attributes": {"name": "polygon", "all_points_x": [932, 960, 948, 920], "all_points_y": [273, 285, 311, 299]}, "region_attributes": {"class": 1}}, {"shape_attributes": {"name": "polygon", "all_points_x": [867, 873, 977, 970], "all_points_y": [433, 418, 464, 479]}, "region_attributes": {"class": 1}}, {"shape_attributes": {"name": "polygon", "all_points_x": [1013, 1013, 990, 972], "all_points_y": [439, 479, 498, 475]}, "region_attributes": {"class": 1}}, {"shape_attributes": {"name": "polygon", "all_points_x": [577, 609, 621, 589], "all_points_y": [536, 519, 542, 559]}, "region_attributes": {"class": 1}}, {"shape_attributes": {"name": "polygon", "all_points_x": [493, 518, 541, 516], "all_points_y": [749, 733, 771, 786]}, "region_attributes": {"class": 1}}, {"shape_attributes": {"name": "polygon", "all_points_x": [522, 543, 565, 544], "all_points_y": [730, 718, 753, 765]}, "region_attributes": {"class": 1}}, {"shape_attributes": {"name": "polygon", "all_points_x": [530, 555, 591, 567], "all_points_y": [691, 677, 737, 752]}, "region_attributes": {"class": 1}}, {"shape_attributes": {"name": "polygon", "all_points_x": [572, 612, 635, 595], "all_points_y": [692, 660, 688, 721]}, "region_attributes": {"class": 1}}, {"shape_attributes": {"name": "polygon", "all_points_x": [596, 625, 635, 606], "all_points_y": [725, 706, 721, 739]}, "region_attributes": {"class": 1}}, {"shape_attributes": {"name": "polygon", "all_points_x": [629, 655, 665, 639], "all_points_y": [704, 685, 700, 719]}, "region_attributes": {"class": 1}}, {"shape_attributes": {"name": "polygon", "all_points_x": [616, 629, 653, 641], "all_points_y": [607, 598, 631, 640]}, "region_attributes": {"class": 1}}, {"shape_attributes": {"name": "polygon", "all_points_x": [648, 679, 687, 657], "all_points_y": [614, 594, 608, 628]}, "region_attributes": {"class": 1}}, {"shape_attributes": {"name": "polygon", "all_points_x": [628, 659, 674, 643], "all_points_y": [586, 566, 591, 611]}, "region_attributes": {"class": 1}}, {"shape_attributes": {"name": "polygon", "all_points_x": [644, 657, 677, 663], "all_points_y": [646, 636, 663, 673]}, "region_attributes": {"class": 1}}, {"shape_attributes": {"name": "polygon", "all_points_x": [659, 673, 693, 679], "all_points_y": [634, 623, 651, 661]}, "region_attributes": {"class": 1}}, {"shape_attributes": {"name": "polygon", "all_points_x": [678, 692, 712, 698], "all_points_y": [622, 612, 639, 649]}, "region_attributes": {"class": 1}}, {"shape_attributes": {"name": "polygon", "all_points_x": [686, 699, 719, 706], "all_points_y": [663, 652, 680, 690]}, "region_attributes": {"class": 1}}, {"shape_attributes": {"name": "polygon", "all_points_x": [667, 681, 700, 687], "all_points_y": [677, 666, 694, 704]}, "region_attributes": {"class": 1}}, {"shape_attributes": {"name": "polygon", "all_points_x": [674, 686, 717, 705], "all_points_y": [558, 550, 593, 601]}, "region_attributes": {"class": 1}}, {"shape_attributes": {"name": "polygon", "all_points_x": [696, 723, 739, 713], "all_points_y": [609, 593, 621, 636]}, "region_attributes": {"class": 1}}, {"shape_attributes": {"name": "polygon", "all_points_x": [718, 742, 768, 744], "all_points_y": [639, 621, 655, 673]}, "region_attributes": {"class": 1}}, {"shape_attributes": {"name": "polygon", "all_points_x": [703, 715, 732, 720], "all_points_y": [651, 642, 664, 673]}, "region_attributes": {"class": 1}}, {"shape_attributes": {"name": "polygon", "all_points_x": [722, 735, 742, 729], "all_points_y": [679, 669, 678, 688]}, "region_attributes": {"class": 1}}, {"shape_attributes": {"name": "polygon", "all_points_x": [592, 603, 626, 615], "all_points_y": [609, 601, 632, 640]}, "region_attributes": {"class": 1}}, {"shape_attributes": {"name": "polygon", "all_points_x": [613, 608, 625, 629], "all_points_y": [606, 599, 588, 595]}, "region_attributes": {"class": 1}}, {"shape_attributes": {"name": "polygon", "all_points_x": [619, 632, 658, 645], "all_points_y": [656, 644, 675, 686]}, "region_attributes": {"class": 1}}, {"shape_attributes": {"name": "polygon", "all_points_x": [311, 331, 311, 291], "all_points_y": [789, 808, 828, 808]}, "region_attributes": {"class": 1}}, {"shape_attributes": {"name": "polygon", "all_points_x": [328, 358, 367, 337], "all_points_y": [773, 756, 771, 788]}, "region_attributes": {"class": 1}}, {"shape_attributes": {"name": "polygon", "all_points_x": [343, 369, 379, 353], "all_points_y": [789, 775, 793, 808]}, "region_attributes": {"class": 1}}, {"shape_attributes": {"name": "polygon", "all_points_x": [356, 374, 390, 372], "all_points_y": [750, 736, 758, 772]}, "region_attributes": {"class": 1}}, {"shape_attributes": {"name": "polygon", "all_points_x": [373, 397, 407, 382], "all_points_y": [777, 763, 779, 793]}, "region_attributes": {"class": 1}}, {"shape_attributes": {"name": "polygon", "all_points_x": [216, 237, 246, 225], "all_points_y": [553, 538, 550, 565]}, "region_attributes": {"class": 2}}, {"shape_attributes": {"name": "polygon", "all_points_x": [410, 434, 455, 430], "all_points_y": [718, 702, 734, 750]}, "region_attributes": {"class": 2}}, {"shape_attributes": {"name": "polygon", "all_points_x": [563, 545, 590, 607], "all_points_y": [680, 657, 623, 645]}, "region_attributes": {"class": 2}}, {"shape_attributes": {"name": "polygon", "all_points_x": [719, 792, 794, 721], "all_points_y": [399, 389, 406, 416]}, "region_attributes": {"class": 2}}], "file_attributes": {}}, "xinxing84_F49G033067_35.jpg136818": {"filename": "xinxing84_F49G033067_35.jpg", "size": 136818, "regions": [{"shape_attributes": {"name": "polygon", "all_points_x": [704, 720, 738, 722], "all_points_y": [575, 559, 574, 591]}, "region_attributes": {"class": 1}}, {"shape_attributes": {"name": "polygon", "all_points_x": [417, 452, 454, 419], "all_points_y": [877, 873, 898, 902]}, "region_attributes": {"class": 1}}, {"shape_attributes": {"name": "polygon", "all_points_x": [472, 469, 529, 537], "all_points_y": [726, 673, 659, 720]}, "region_attributes": {"class": 1}}, {"shape_attributes": {"name": "polygon", "all_points_x": [211, 239, 235, 206], "all_points_y": [684, 688, 726, 723]}, "region_attributes": {"class": 1}}, {"shape_attributes": {"name": "polygon", "all_points_x": [227, 260, 264, 231], "all_points_y": [635, 630, 659, 664]}, "region_attributes": {"class": 1}}, {"shape_attributes": {"name": "polygon", "all_points_x": [309, 339, 346, 315], "all_points_y": [630, 624, 657, 663]}, "region_attributes": {"class": 1}}, {"shape_attributes": {"name": "polygon", "all_points_x": [90, 99, 135, 127], "all_points_y": [620, 588, 598, 630]}, "region_attributes": {"class": 1}}, {"shape_attributes": {"name": "polygon", "all_points_x": [162, 186, 176, 152], "all_points_y": [612, 621, 647, 637]}, "region_attributes": {"class": 1}}, {"shape_attributes": {"name": "polygon", "all_points_x": [503, 481, 470, 492], "all_points_y": [498, 516, 503, 484]}, "region_attributes": {"class": 1}}, {"shape_attributes": {"name": "polygon", "all_points_x": [586, 576, 596, 606], "all_points_y": [619, 598, 588, 609]}, "region_attributes": {"class": 1}}, {"shape_attributes": {"name": "polygon", "all_points_x": [664, 690, 674, 645], "all_points_y": [619, 647, 665, 636]}, "region_attributes": {"class": 1}}, {"shape_attributes": {"name": "polygon", "all_points_x": [686, 702, 720, 704], "all_points_y": [561, 544, 559, 576]}, "region_attributes": {"class": 1}}, {"shape_attributes": {"name": "polygon", "all_points_x": [731, 746, 760, 746], "all_points_y": [570, 552, 564, 582]}, "region_attributes": {"class": 1}}, {"shape_attributes": {"name": "polygon", "all_points_x": [607, 622, 650, 635], "all_points_y": [756, 742, 772, 786]}, "region_attributes": {"class": 1}}, {"shape_attributes": {"name": "polygon", "all_points_x": [622, 642, 670, 650], "all_points_y": [742, 724, 754, 772]}, "region_attributes": {"class": 1}}, {"shape_attributes": {"name": "polygon", "all_points_x": [710, 727, 749, 733], "all_points_y": [737, 720, 742, 759]}, "region_attributes": {"class": 1}}, {"shape_attributes": {"name": "polygon", "all_points_x": [728, 746, 769, 751], "all_points_y": [720, 701, 723, 742]}, "region_attributes": {"class": 1}}, {"shape_attributes": {"name": "polygon", "all_points_x": [719, 736, 760, 743], "all_points_y": [667, 651, 677, 693]}, "region_attributes": {"class": 1}}, {"shape_attributes": {"name": "polygon", "all_points_x": [736, 758, 782, 760], "all_points_y": [651, 630, 656, 677]}, "region_attributes": {"class": 1}}, {"shape_attributes": {"name": "polygon", "all_points_x": [758, 775, 800, 782], "all_points_y": [630, 614, 640, 656]}, "region_attributes": {"class": 1}}, {"shape_attributes": {"name": "polygon", "all_points_x": [931, 932, 1005, 1003], "all_points_y": [683, 662, 666, 687]}, "region_attributes": {"class": 1}}, {"shape_attributes": {"name": "polygon", "all_points_x": [765, 778, 809, 795], "all_points_y": [748, 735, 766, 779]}, "region_attributes": {"class": 1}}, {"shape_attributes": {"name": "polygon", "all_points_x": [784, 800, 828, 813], "all_points_y": [734, 718, 747, 762]}, "region_attributes": {"class": 1}}, {"shape_attributes": {"name": "polygon", "all_points_x": [807, 825, 848, 829], "all_points_y": [721, 705, 728, 745]}, "region_attributes": {"class": 1}}, {"shape_attributes": {"name": "polygon", "all_points_x": [826, 842, 866, 850], "all_points_y": [702, 686, 711, 727]}, "region_attributes": {"class": 1}}, {"shape_attributes": {"name": "polygon", "all_points_x": [634, 648, 672, 658], "all_points_y": [555, 540, 562, 577]}, "region_attributes": {"class": 1}}, {"shape_attributes": {"name": "polygon", "all_points_x": [450, 474, 486, 462], "all_points_y": [608, 598, 627, 637]}, "region_attributes": {"class": 1}}, {"shape_attributes": {"name": "polygon", "all_points_x": [483, 507, 520, 496], "all_points_y": [602, 590, 617, 628]}, "region_attributes": {"class": 1}}, {"shape_attributes": {"name": "polygon", "all_points_x": [568, 571, 541, 538], "all_points_y": [668, 701, 704, 671]}, "region_attributes": {"class": 2}}, {"shape_attributes": {"name": "polygon", "all_points_x": [2, 10, 35, 27], "all_points_y": [565, 538, 546, 573]}, "region_attributes": {"class": 2}}, {"shape_attributes": {"name": "polygon", "all_points_x": [43, 59, 50, 34], "all_points_y": [544, 548, 584, 580]}, "region_attributes": {"class": 2}}, {"shape_attributes": {"name": "polygon", "all_points_x": [32, 38, 72, 66], "all_points_y": [522, 494, 502, 530]}, "region_attributes": {"class": 2}}, {"shape_attributes": {"name": "polygon", "all_points_x": [83, 90, 116, 108], "all_points_y": [533, 510, 518, 541]}, "region_attributes": {"class": 2}}, {"shape_attributes": {"name": "polygon", "all_points_x": [116, 123, 153, 147], "all_points_y": [543, 520, 529, 551]}, "region_attributes": {"class": 2}}, {"shape_attributes": {"name": "polygon", "all_points_x": [169, 190, 194, 173], "all_points_y": [523, 521, 555, 558]}, "region_attributes": {"class": 2}}, {"shape_attributes": {"name": "polygon", "all_points_x": [102, 107, 145, 139], "all_points_y": [586, 566, 576, 596]}, "region_attributes": {"class": 2}}, {"shape_attributes": {"name": "polygon", "all_points_x": [143, 150, 198, 191], "all_points_y": [600, 578, 593, 615]}, "region_attributes": {"class": 2}}, {"shape_attributes": {"name": "polygon", "all_points_x": [210, 206, 238, 242], "all_points_y": [584, 564, 557, 577]}, "region_attributes": {"class": 2}}, {"shape_attributes": {"name": "polygon", "all_points_x": [238, 271, 274, 241], "all_points_y": [509, 505, 529, 533]}, "region_attributes": {"class": 2}}, {"shape_attributes": {"name": "polygon", "all_points_x": [252, 248, 284, 289], "all_points_y": [579, 553, 548, 573]}, "region_attributes": {"class": 2}}, {"shape_attributes": {"name": "polygon", "all_points_x": [291, 287, 324, 328], "all_points_y": [573, 547, 541, 567]}, "region_attributes": {"class": 2}}, {"shape_attributes": {"name": "polygon", "all_points_x": [280, 276, 313, 317], "all_points_y": [526, 500, 494, 520]}, "region_attributes": {"class": 2}}, {"shape_attributes": {"name": "polygon", "all_points_x": [326, 322, 359, 363], "all_points_y": [520, 494, 488, 514]}, "region_attributes": {"class": 2}}, {"shape_attributes": {"name": "polygon", "all_points_x": [366, 362, 398, 402], "all_points_y": [513, 487, 482, 507]}, "region_attributes": {"class": 2}}, {"shape_attributes": {"name": "polygon", "all_points_x": [317, 313, 349, 353], "all_points_y": [474, 448, 442, 468]}, "region_attributes": {"class": 2}}, {"shape_attributes": {"name": "polygon", "all_points_x": [356, 352, 389, 393], "all_points_y": [467, 442, 436, 462]}, "region_attributes": {"class": 2}}, {"shape_attributes": {"name": "polygon", "all_points_x": [261, 257, 294, 298], "all_points_y": [624, 599, 593, 619]}, "region_attributes": {"class": 2}}, {"shape_attributes": {"name": "polygon", "all_points_x": [222, 218, 255, 259], "all_points_y": [631, 605, 599, 625]}, "region_attributes": {"class": 2}}, {"shape_attributes": {"name": "polygon", "all_points_x": [344, 340, 377, 381], "all_points_y": [612, 586, 580, 606]}, "region_attributes": {"class": 2}}, {"shape_attributes": {"name": "polygon", "all_points_x": [305, 300, 337, 341], "all_points_y": [618, 592, 587, 612]}, "region_attributes": {"class": 2}}, {"shape_attributes": {"name": "polygon", "all_points_x": [357, 353, 390, 394], "all_points_y": [651, 625, 620, 645]}, "region_attributes": {"class": 2}}, {"shape_attributes": {"name": "polygon", "all_points_x": [397, 392, 429, 433], "all_points_y": [645, 619, 613, 639]}, "region_attributes": {"class": 2}}, {"shape_attributes": {"name": "polygon", "all_points_x": [336, 332, 369, 373], "all_points_y": [561, 535, 529, 555]}, "region_attributes": {"class": 2}}, {"shape_attributes": {"name": "polygon", "all_points_x": [425, 421, 458, 462], "all_points_y": [541, 516, 510, 536]}, "region_attributes": {"class": 2}}, {"shape_attributes": {"name": "polygon", "all_points_x": [390, 386, 423, 427], "all_points_y": [601, 575, 569, 595]}, "region_attributes": {"class": 2}}, {"shape_attributes": {"name": "polygon", "all_points_x": [435, 430, 452, 457], "all_points_y": [593, 568, 563, 588]}, "region_attributes": {"class": 2}}, {"shape_attributes": {"name": "polygon", "all_points_x": [501, 520, 497, 478], "all_points_y": [541, 562, 582, 561]}, "region_attributes": {"class": 2}}, {"shape_attributes": {"name": "polygon", "all_points_x": [537, 520, 560, 577], "all_points_y": [558, 533, 506, 532]}, "region_attributes": {"class": 2}}, {"shape_attributes": {"name": "polygon", "all_points_x": [427, 454, 426, 399], "all_points_y": [404, 430, 459, 432]}, "region_attributes": {"class": 2}}, {"shape_attributes": {"name": "polygon", "all_points_x": [269, 298, 304, 275], "all_points_y": [645, 639, 669, 675]}, "region_attributes": {"class": 1}}, {"shape_attributes": {"name": "polygon", "all_points_x": [611, 602, 613, 623], "all_points_y": [606, 585, 579, 600]}, "region_attributes": {"class": 1}}], "file_attributes": {}}}